<?xml version="1.0" encoding="UTF-8"?>

<mule xmlns:http="http://www.mulesoft.org/schema/mule/http" xmlns="http://www.mulesoft.org/schema/mule/core" xmlns:doc="http://www.mulesoft.org/schema/mule/documentation"
	xmlns:spring="http://www.springframework.org/schema/beans" 
	xmlns:xsi="http://www.w3.org/2001/XMLSchema-instance"
	xsi:schemaLocation="http://www.springframework.org/schema/beans http://www.springframework.org/schema/beans/spring-beans-current.xsd
http://www.mulesoft.org/schema/mule/core http://www.mulesoft.org/schema/mule/core/current/mule.xsd
http://www.mulesoft.org/schema/mule/http http://www.mulesoft.org/schema/mule/http/current/mule-http.xsd">
    <http:listener-config name="HTTP_Listener_Configuration" host="0.0.0.0" port="8084" doc:name="HTTP Listener Configuration"/>
    <flow name="demo1Flow">
        <http:listener config-ref="HTTP_Listener_Configuration" path="/demo" doc:name="HTTP"/>
        <set-payload value="#['welcome to the online mulesoft training']" doc:name="Set Payload"/>
        <set-property propertyName="QPmalla" value="#[message.inboundProperties.'http.query.params'.malla]" doc:name="Property"/>
        <set-variable variableName="QPreddy" value="#[message.inboundProperties.'http.query.params'.reddy]" doc:name="Variable"/>
        <logger message="#['malla:' +message.outboundProperties.QPmalla]" level="INFO" doc:name="Logger"/>
    </flow>
</mule>
